{
  "model_path": "meta-llama/Llama-3.2-1B-Instruct",
  "genetic_tokens": [
    115614,
    118508,
    121267,
    112063,
    118508,
    126357
  ],
  "genetic_token_strings": [
    "uj\u00edc\u00edch",
    "\u00e1vaj\u00edc\u00ed",
    " \u043f\u043e\u0437\u0432\u043e\u043b",
    "\u043a\u0430\u0434\u0435\u043c",
    "\u00e1vaj\u00edc\u00ed",
    " \u043f\u0440\u0435\u0434\u043d\u0430\u0437\u043d\u0430\u0447"
  ],
  "context_variations": {
    "The quick brown": {
      "fox": {
        "baseline": {
          "target_token": "fox",
          "target_token_id": 15361,
          "probability": 1.5079975128173828e-05,
          "rank": 7471,
          "top_completions": [
            [
              "ie",
              0.07647705078125
            ],
            [
              "ies",
              0.019500732421875
            ],
            [
              " eyes",
              0.01654052734375
            ],
            [
              ",",
              0.0105133056640625
            ],
            [
              " and",
              0.00787353515625
            ]
          ]
        },
        "genetic": {
          "target_token": "fox",
          "target_token_id": 15361,
          "probability": 0.00025177001953125,
          "rank": 253,
          "top_completions": [
            [
              "ie",
              0.16552734375
            ],
            [
              " bear",
              0.1495361328125
            ],
            [
              " hair",
              0.052520751953125
            ],
            [
              " noise",
              0.0251922607421875
            ],
            [
              " fox",
              0.024810791015625
            ]
          ]
        }
      },
      " fox": {
        "baseline": {
          "target_token": " fox",
          "target_token_id": 39935,
          "probability": 0.0021533966064453125,
          "rank": 27,
          "top_completions": [
            [
              "ie",
              0.07647705078125
            ],
            [
              "ies",
              0.019500732421875
            ],
            [
              " eyes",
              0.01654052734375
            ],
            [
              ",",
              0.0105133056640625
            ],
            [
              " and",
              0.00787353515625
            ]
          ]
        },
        "genetic": {
          "target_token": " fox",
          "target_token_id": 39935,
          "probability": 0.024810791015625,
          "rank": 5,
          "top_completions": [
            [
              "ie",
              0.16552734375
            ],
            [
              " bear",
              0.1495361328125
            ],
            [
              " hair",
              0.052520751953125
            ],
            [
              " noise",
              0.0251922607421875
            ],
            [
              " fox",
              0.024810791015625
            ]
          ]
        }
      }
    },
    "the quick brown": {
      "fox": {
        "baseline": {
          "target_token": "fox",
          "target_token_id": 15361,
          "probability": 0.0004734992980957031,
          "rank": 263,
          "top_completions": [
            [
              " fox",
              0.1397705078125
            ],
            [
              "ie",
              0.0192108154296875
            ],
            [
              " box",
              0.01361846923828125
            ],
            [
              " horse",
              0.01230621337890625
            ],
            [
              " and",
              0.0110321044921875
            ]
          ]
        },
        "genetic": {
          "target_token": "fox",
          "target_token_id": 15361,
          "probability": 4.929304122924805e-05,
          "rank": 1146,
          "top_completions": [
            [
              "ie",
              0.43505859375
            ],
            [
              " eyes",
              0.05279541015625
            ],
            [
              "ies",
              0.0245513916015625
            ],
            [
              " hair",
              0.0182342529296875
            ],
            [
              " face",
              0.0096893310546875
            ]
          ]
        }
      },
      " fox": {
        "baseline": {
          "target_token": " fox",
          "target_token_id": 39935,
          "probability": 0.1397705078125,
          "rank": 1,
          "top_completions": [
            [
              " fox",
              0.1397705078125
            ],
            [
              "ie",
              0.0192108154296875
            ],
            [
              " box",
              0.01361846923828125
            ],
            [
              " horse",
              0.01230621337890625
            ],
            [
              " and",
              0.0110321044921875
            ]
          ]
        },
        "genetic": {
          "target_token": " fox",
          "target_token_id": 39935,
          "probability": 0.0005173683166503906,
          "rank": 120,
          "top_completions": [
            [
              "ie",
              0.43505859375
            ],
            [
              " eyes",
              0.05279541015625
            ],
            [
              "ies",
              0.0245513916015625
            ],
            [
              " hair",
              0.0182342529296875
            ],
            [
              " face",
              0.0096893310546875
            ]
          ]
        }
      }
    },
    "The quick brown fox": {
      " fox": {
        "baseline": {
          "target_token": " fox",
          "target_token_id": 39935,
          "probability": 0.003063201904296875,
          "rank": 29,
          "top_completions": [
            [
              "es",
              0.1685791015625
            ],
            [
              ",",
              0.04296875
            ],
            [
              " (",
              0.03167724609375
            ],
            [
              " was",
              0.0229949951171875
            ],
            [
              ".",
              0.02227783203125
            ]
          ]
        },
        "genetic": {
          "target_token": " fox",
          "target_token_id": 39935,
          "probability": 0.01168060302734375,
          "rank": 10,
          "top_completions": [
            [
              "es",
              0.1400146484375
            ],
            [
              "\n",
              0.06988525390625
            ],
            [
              " (",
              0.06878662109375
            ],
            [
              ",",
              0.03570556640625
            ],
            [
              ".",
              0.0255126953125
            ]
          ]
        }
      }
    },
    "the quick brown fox": {
      " fox": {
        "baseline": {
          "target_token": " fox",
          "target_token_id": 39935,
          "probability": 0.0007061958312988281,
          "rank": 133,
          "top_completions": [
            [
              "es",
              0.115966796875
            ],
            [
              ",",
              0.08160400390625
            ],
            [
              ".",
              0.046875
            ],
            [
              " and",
              0.04541015625
            ],
            [
              "\"",
              0.022308349609375
            ]
          ]
        },
        "genetic": {
          "target_token": " fox",
          "target_token_id": 39935,
          "probability": 0.0016393661499023438,
          "rank": 36,