{
  "model_path": "/home/dyn/models/o/nowllm-0829",
  "num_iterations": 5000,
  "iterations_completed": 1025,
  "total_tokens_checked": 8200,
  "glitch_tokens": [
    "/\\",
    "\",\r",
    "}}^",
    "}}^{",
    "\u200b",
    "\\{",
    "\u0441\u0442\u0432\u043e\u043c",
    "\u043d\u043e\u044e",
    "\u0432\u0448\u0438\u0439",
    "\u044e\u0449\u0438\u0435",
    "\u0447\u0435\u0441\u043a\u0438\u0445",
    "\u0432\u0435\u0440\u0441\u0438\u0442\u0435",
    "\u043d\u0438\u0448\u0442\u0432\u043e",
    "\u0436\u0434\u0435\u043d\u0438\u044f",
    "\">\r",
    "iciones",
    "eltemperaturen",
    "xffff",
    "osexual",
    "\"*"
  ],
  "glitch_token_ids": [
    8673,
    10939,
    21308,
    22783,
    28935,
    11873,
    23334,
    19130,
    27386,
    27615,
    20678,
    17375,
    20624,
    28253,
    14980,
    23424,
    26718,
    28638,
    20823,
    12406
  ],
  "start_time": 1753160762.9540548,
  "last_saved": 1753190244.499571
}